{"_id":"13dba11c5d1cb3b300444bdd69585f01","name":"期末项目","ddl":"2019-07-04 23:55","requirement":"MAD项目要求同OOP项目要求，你懂的~hhh","fileURL":"","filename":"","imgURL":"cloud://vania-psclq.7661-vania-psclq-1259289408/wxd653138c1711e2bd.o6zAJs5WpQW9AkOdtGw9K4aLUaPg.09t8Ej9FygbJda77d28c5c762525bcaa85e88483648f.png","_openid":"oYI9H48oTVooTh8xTIv90KduzRmg","course_ID":"e47e55695d1b091304c9125c70fe144b"}
{"_id":"3e1ef27b5d1ca3850036c84a2ff6b0ec","name":"第十三周作业","ddl":"2019-05-26 20:35","requirement":"选出一位组长\n为项目制定一个主题\n","fileURL":"cloud://vania-psclq.7661-vania-psclq-1259289408/wxd653138c1711e2bd.o6zAJs5WpQW9AkOdtGw9K4aLUaPg.5WxSCG0h2KjT3129c53943967f2b53eb3bef68aa2a1b.docx","filename":"项目总结.docx","imgURL":"","_openid":"oYI9H48oTVooTh8xTIv90KduzRmg","course_ID":"6dfb26295d1aff2304c25712162f2042"}
{"_id":"3e1ef27b5d1ca4900037905f3a85edc4","fileURL":"","filename":"","imgURL":"cloud://vania-psclq.7661-vania-psclq-1259289408/wxd653138c1711e2bd.o6zAJs5WpQW9AkOdtGw9K4aLUaPg.BWZXSn46qTAxda77d28c5c762525bcaa85e88483648f.png","_openid":"oYI9H48oTVooTh8xTIv90KduzRmg","course_ID":"6dfb26295d1aff2304c25712162f2042","name":"OOP期末项目","ddl":"2019-06-29 23:55","requirement":"需提交两个文件（项目总结和两千字以上的用户手册）和项目涉及到的所有代码"}
{"_id":"3e1ef27b5d1d511b006dc5e674e25d07","fileURL":"","filename":"","imgURL":"cloud://vania-psclq.7661-vania-psclq-1259289408/tmp_3f3c9458ae9ddc50584ff6d706ed18cdd12fc606c9810366.jpg","_openid":"oYI9H48B0CvEa5fY271jK3oVV0yI","course_ID":"f1006ad85d1d50ca006e233c089316eb","name":"终版mad","ddl":"2019-07-04 8:54","requirement":"完成功能设计，css，report"}
{"_id":"f1006ad85d1ca7e1003a8eee48096c23","course_ID":"e47e55695d1b020104c4e8cc4c5c91fa","name":"数据库期末项目","ddl":"2019-06-23 22:30","requirement":"完成项目设计试题，大家可以使用在线提交的方式提交自己的设计项目。请先把你的设计项目压缩成一个文件，在线提交的网址是： http://172.16.37.165/schoolwork/","fileURL":"cloud://vania-psclq.7661-vania-psclq-1259289408/wxd653138c1711e2bd.o6zAJs5WpQW9AkOdtGw9K4aLUaPg.R64JL6PpW3OVcb4fa98c3f363f9c6b1b05cf7c984fb4.doc","filename":"16级数据库项目设计试题.doc","imgURL":"","_openid":"oYI9H48oTVooTh8xTIv90KduzRmg"}
