{"_id":"3e1ef27b5d1deb3c00cbcf402b1de845","user":"Narcissus233","img":"https://wx.qlogo.cn/mmopen/vi_32/PiajxSqBRaELTnqkb7HoFDWLmOOWczPRQaSFB54UDmKsRARdbDOxiaa8biaSQ7gOS3ww2bSpe7P5QicN7w7ASve8oQ/132","_openid":"oYI9H45yQonS2tpa9FcaAB78vKZI","assignment_id":"f1006ad85d1ca7e1003a8eee48096c23","comment":"好难啊！","time":"2019-7-4 20:4"}
{"_id":"3e1ef27b5d1debd400cc3acd6a857ebd","img":"https://wx.qlogo.cn/mmopen/vi_32/PiajxSqBRaELTnqkb7HoFDWLmOOWczPRQaSFB54UDmKsRARdbDOxiaa8biaSQ7gOS3ww2bSpe7P5QicN7w7ASve8oQ/132","_openid":"oYI9H45yQonS2tpa9FcaAB78vKZI","assignment_id":"13dba11c5d1cb3b300444bdd69585f01","comment":"秃了秃了！","time":"2019-7-4 20:6","user":"Narcissus233"}
