{"_id":"6dfb26295d1aff2304c25712162f2042","course":"面向对象程序设计","teacher":"严恒斌","description":"掌握基本python编程知识，掌握OOP的基本原则，能够使用python语言完成有关信息科学的任务","_openid":"oYI9H48oTVooTh8xTIv90KduzRmg"}
{"_id":"e47e55695d1b020104c4e8cc4c5c91fa","course":"数据库原理与应用","teacher":"蒋铁海副教授","description":"数据库学习内容包括：数据库系统原理，数据库程序设计，大型数据库系统的设计、管理及维护","_openid":"oYI9H48oTVooTh8xTIv90KduzRmg"}
{"_id":"e47e55695d1b091304c9125c70fe144b","course":"Android开发与应用","teacher":"严恒斌","description":"我们将学习创建移动应用程序","_openid":"oYI9H48oTVooTh8xTIv90KduzRmg"}
{"_id":"f1006ad85d1d50ca006e233c089316eb","course":"mad期末小组","teacher":"Jessica","description":"一起为mad爆肝","_openid":"oYI9H48B0CvEa5fY271jK3oVV0yI"}
{"_id":"f1006ad85d1de3a500c7409820994087","teacher":"很努力小分队","description":"很努力就队了","_openid":"oYI9H42MD5MAWVxnvBCsdlCZyOpo","course":"小小通知"}
