{"_id":"3e1ef27b5d1db55f00a95dc478a91fad","course":"mad期末小组","_openid":"oYI9H48B0CvEa5fY271jK3oVV0yI","course_id":"f1006ad85d1d50ca006e233c089316eb"}
{"_id":"3e1ef27b5d1db98e00abe9803a6fdcc7","course":"数据库原理与应用","_openid":"oYI9H48B0CvEa5fY271jK3oVV0yI","course_id":"e47e55695d1b020104c4e8cc4c5c91fa"}
{"_id":"9afd9b6a5d1dbbcd00ad2279216a6fcb","course":"Android开发与应用","_openid":"oYI9H48oTVooTh8xTIv90KduzRmg","course_id":"e47e55695d1b091304c9125c70fe144b"}
{"_id":"f1006ad85d1dc6f900b50ef85bbcb35f","course_id":"f1006ad85d1d50ca006e233c089316eb","course":"mad期末小组","_openid":"oYI9H45yQonS2tpa9FcaAB78vKZI"}
{"_id":"f1006ad85d1dc70100b514997e3f8127","course_id":"e47e55695d1b091304c9125c70fe144b","course":"Android开发与应用","_openid":"oYI9H45yQonS2tpa9FcaAB78vKZI"}
